Dimensão;Documento/Sistema;Acronimo;Descrição;Responsável;Esfera;Link do Sistema;Entrada de Dados;Saída de Dados;Relação com Rede Nacional de Dados de Transporte;
1. Tráfego em Tempo Real;Alerta Brasil;;Sistema de monitoramento de fluxo de veículos nas rodovias federais por meio de câmeras com leitura automática de placas (LPR/OCR), integrando RENAVAM, RENACH e BNMP para detecção de veículos roubados e condutores foragidos.;PRF (Polícia Rodoviária Federal);Federal;https://alertabrasil.prf.gov.br/alertabrasil/;RENAVAM,RENACH,RENAINF,BNMP,câmeras CET-SP,câmeras CTTU-Recife,SINESP,RENAEST,Sistema de Rastreamento Veicular ANTT,InfraBR,Postos de Pesagem DNIT,Free Flow,Sistema de Fiscalização Eletrônica,Sealog;SINESP,RENAEST,Sistema de Rastreamento Veicular ANTT,InfraBR,Google Maps,Waze,TMS,ERP,seguradoras,SENATRAN;"Principal sistema de inteligência viária do país; integra dados de RENAVAM, RENACH e mais de 200 parceiros. Cruzamento com dados de CT-e/MDF-e permitiria identificação automática de cargas em risco de roubo em tempo real.";
1. Tráfego em Tempo Real;SINESP;Sistema Nacional de Informações de Segurança Pública;Maior plataforma tecnológica de segurança pública do Brasil, integrando dados de roubo/furto de veículos, mandados de prisão, desaparecidos, boletins de ocorrência e estatísticas criminais de todos os estados.;Senasp (Secretaria Nacional de Segurança Pública, MJSP);Federal;https://www.gov.br/mj/pt-br/assuntos/sua-seguranca/seguranca-publica/estatistica;Alerta Brasil,RENAEST,SINESP PPE,SINESP VDE,DETRANs estaduais,Polícia Civil estadual,Polícia Federal,Sistema de Rastreamento Veicular ANTT,TMS;Alerta Brasil,SINESP Cidadão,SINESP Integração,SINESP VDE,governos estaduais e municipais,seguradoras,TMS,ERP;"Base nacional de dados criminais que inclui roubo de carga como indicador estratégico; integração com sistemas de rastreamento de cargas (TMS, ANTT) permitiria alertas proativos de rotas de risco.";
1. Tráfego em Tempo Real;SINESP Cidadão;;Aplicativo do SINESP que permite ao cidadão consultar restrições de roubo/furto de veículos, mandados de prisão e desaparecidos. Já ajudou a recuperar mais de 168 mil veículos roubados.;Senasp (Secretaria Nacional de Segurança Pública, MJSP) e Serpro;Federal;https://www.gov.br/pt-br/apps/sinesp-cidadao;SINESP,Alerta Brasil,RENAEST;Cidadãos,aplicativos de mobilidade,TMS,ERP;"Ferramenta de consulta pública que democratiza acesso a dados de segurança; integração com apps de logística (TMS, Waze) permitiria validação de veículos antes da contratação de frete.";
1. Tráfego em Tempo Real;RENAEST;Registro Nacional de Acidentes e Estatísticas de Trânsito;Sistema de registro, gestão e controle de dados estatísticos sobre acidentalidade no trânsito, integrado ao RENAVAM, RENACH e RENAINF. Novo modelo (2024) prevê coleta por aplicativo de fiscalização da SENATRAN.;SENATRAN (Secretaria Nacional de Trânsito, MT);Federal;https://www.gov.br/transportes/pt-br/assuntos/noticias/2024/03/novo-modelo-para-o-registro-nacional-de-estatisticas-e-sinistros-de-transito-entra-em-fase-de-testes;RENAVAM,RENACH,RENAINF,Alerta Brasil,Sistema de Fiscalização Eletrônica,DETRANs estaduais,PRF,SINESP,CT-e,MDF-e;SENATRAN,DNIT,ANTT,Alerta Brasil,SINESP,seguradoras,TMS,ERP,sistemas de planejamento urbano;"Base nacional de sinistros de trânsito com dados incompletos (22% dos campos não informados); integração com dados de CT-e/MDF-e permitiria correlação entre padrões de acidentes e rotas de transporte de cargas.";
1. Tráfego em Tempo Real;SINESP VDE;;Sistema para coleta, consolidação e validação de 28 indicadores de segurança pública (incluindo roubo de carga), com dados informados pelos estados em até 30 dias.;Senasp (Secretaria Nacional de Segurança Pública, MJSP);Federal;https://www.gov.br/mj/pt-br/assuntos/sua-seguranca/seguranca-publica/estatistica;Estados (28 indicadores de segurança pública),SINESP PPE;SINESP,SINESP Integração,governos estaduais e municipais,Alerta Brasil;"Consolida indicadores de roubo de carga e morte no trânsito; integração com sistemas de transporte permitiria análise preditiva de risco por corredor logístico.";
1. Tráfego em Tempo Real;SINESP Integração;;Solução para consolidação de dados de múltiplas fontes (Sinesp e outros sistemas) em uma única Base Nacional, permitindo análise de microdados e produção de estatísticas.;Senasp (Secretaria Nacional de Segurança Pública, MJSP);Federal;https://www.gov.br/mj/pt-br/assuntos/sua-seguranca/seguranca-publica/estatistica;SINESP,SINESP VDE,SINESP PPE,outros sistemas de segurança pública;SINESP,governos estaduais e municipais,pesquisadores,Alerta Brasil;Base consolidada de microdados criminais que poderia ser cruzada com dados de fluxo de cargas para mapeamento de áreas de risco.;
1. Tráfego em Tempo Real;SINESP PPE;;Boletim Nacional de Ocorrências Policiais em formato eletrônico, com coleta integral de dados em tempo real a partir de 2014.;Senasp (Secretaria Nacional de Segurança Pública, MJSP);Federal;https://www.gov.br/mj/pt-br/assuntos/sua-seguranca/seguranca-publica/estatistica;Polícias estaduais e federais,delegacias;SINESP,SINESP VDE,SINESP Integração,Alerta Brasil,governos estaduais;"Fonte primária de dados de ocorrências policiais; integração com sistemas de transporte permitiria identificação de padrões de criminalidade em rotas logísticas.";
3. Infraestrutura Viária;CNH do Brasil;Carteira Nacional de Habilitação;Plataforma digital unificada que substitui a CDT, permitindo acesso à CNH digital, solicitação de primeira habilitação e consulta de pontuação pelo aplicativo.;SENATRAN (Secretaria Nacional de Trânsito, MT);Federal;https://www.gov.br/transportes/pt-br/cnh-do-brasil;RENACH,RENAINF,RENAEST,DETRANs estaduais,SENATRAN;Alerta Brasil,InfraBR,CT-e,MDF-e,RNTRC,TMS,ERP,MOPP,SEST/SENAT;Base digital nacional de habilitação que deveria ser integrada ao RNTRC e ao validador CT-e para verificação automática de qualificação do motorista.;
3. Infraestrutura Viária;RENACH;Registro Nacional de Carteiras de Habilitação;Base nacional de dados de condutores habilitados, integrada ao RENAEST e ao Alerta Brasil.;SENATRAN (Secretaria Nacional de Trânsito, MT);Federal;https://www.gov.br/transportes/pt-br/assuntos/transito/conteudo-Senatran/renach;DETRANs estaduais,CNH do Brasil,SENATRAN,MOPP,SEST/SENAT;Alerta Brasil,RENAEST,RENAINF,CT-e,MDF-e,RNTRC,TMS,ERP,InfraBR;Base cadastral de condutores que deveria ser consultada em tempo real para validação de MOPP e outras qualificações no CT-e.;
3. Infraestrutura Viária;RENAINF;Registro Nacional de Infrações;Base nacional de infrações de trânsito, integrada ao RENAEST e ao Alerta Brasil.;SENATRAN (Secretaria Nacional de Trânsito, MT);Federal;https://www.gov.br/transportes/pt-br/assuntos/transito/conteudo-Senatran/renainf;Sistema de Fiscalização Eletrônica,DETRANs estaduais,PRF,Alerta Brasil;RENACH,RENAEST,Alerta Brasil,SINESP,seguradoras,TMS,ERP;Dados de infrações que poderiam ser usados para precificação de seguros e avaliação de risco de condutores em operações de transporte.;
5. Frete e Logística;SEST SENAT;;Instituição que oferece cursos de capacitação para profissionais do transporte, incluindo MOPP, eficiência energética, reciclagem e cursos especializados para mototaxistas e motofretistas.;SEST SENAT (Sistema Transporte, CNT);Privado (entidade do Sistema S);https://digital.sestsenat.org.br/login;RNTRC,RENACH,RENAVAM,ANTT,SENATRAN,empresas de transporte;MOPP,RENACH,RNTRC,certificações de motoristas,TMS,empresas de transporte;"Principal formador de mão de obra qualificada do setor; dados de certificação deveriam ser integrados ao RENACH e ao RNTRC para validação automática de habilitação profissional.";
5. Frete e Logística;SENAT;Serviço Nacional de Aprendizagem do Transporte;Entidade de educação profissional do setor de transporte que oferece cursos técnicos e de qualificação para motoristas e trabalhadores do setor.;SENAT (Sistema Transporte, CNT);Federal;https://digital.sestsenat.org.br/login;RNTRC,RENACH,RENAVAM,ANTT,SENATRAN,empresas de transporte;MOPP,RENACH,RNTRC,CT-e,MDF-e,TMS,ERP,empresas de transporte;"Formador de condutores especializados; certificações emitidas deveriam alimentar base nacional de qualificação profissional do transporte.";
3. Infraestrutura Viária;DETRAN estaduais;Departamento Estadual de Trânsito;Departamentos estaduais de trânsito responsáveis por licenciamento veicular, emissão de CRLV, registro de veículos e aplicação de infrações estaduais.;DETRAN de cada estado;Estadual;Varia por estado (ex: https://www.detran.sp.gov.br/);RENAVAM,RENACH,RENAINF,CRLV-e,Sistema de Multas Estaduais,SENATRAN;RENAVAM,RENACH,RENAINF,CRLV-e,Sistema de Multas Estaduais,Alerta Brasil,SINESP,RENAEST;Gestores do RENAVAM estadual que deveriam integrar dados de licenciamento e infrações a uma plataforma nacional unificada de veículos.;
3. Infraestrutura Viária;CRLV-e;Certificado de Registro e Licenciamento de Veículo Eletrônico;Documento eletrônico de licenciamento veicular emitido pelos DETRANs estaduais.;SENATRAN e DETRANs estaduais;Estadual + Federal;Varia por estado;DETRANs estaduais,RENAVAM,SENATRAN;CT-e,MDF-e,SPED,Alerta Brasil,InfraBR,TMS,ERP;Documento de licenciamento que deveria ser validado automaticamente no CT-e para garantir que o veículo está regular.;
3. Infraestrutura Viária;Sistema de Multas Estaduais;;Sistemas estaduais de registro e pagamento de infrações de trânsito, operados pelos DETRANs.;DETRAN estaduais;Estadual;Varia por estado;Sistema de Fiscalização Eletrônica,DETRANs estaduais,PRF;RENACH,RENAINF,RENAEST,SINESP,Alerta Brasil;"Dados de infrações estaduais dispersos; consolidação nacional permitiria análise de comportamento de risco de condutores de cargas.";
5. Frete e Logística;Licença da Polícia Federal;;Autorização da Polícia Federal para transporte de produtos controlados (armas, munições, explosivos, drogas precursores químicos).;Polícia Federal (PF);Federal;https://www.gov.br/pf/pt-br;Polícia Federal,SIGMA/Exército,CT-e,MDF-e;GT,CT-e,MDF-e,SPED,Alerta Brasil,InfraBR;Autorização de segurança pública que deveria estar integrada ao GT do Exército e ao CT-e para rastreamento de cargas sensíveis.;
5. Frete e Logística;Licença da Polícia Civil estadual;;Autorização estadual complementar para transporte de produtos controlados dentro da mesma UF.;Polícias Civis estaduais (supervisão: SSPs estaduais);Estadual;Varia por estado;Polícia Civil estadual,SIGMA/Exército,CT-e;GT,CT-e,MDF-e,SPED,Alerta Brasil;Autorização estadual que deveria ser consultada automaticamente em operações interestaduais de cargas controladas.;
5. Frete e Logística;CRA;Certificado de Regularidade Ambiental;Certificado de Regularidade Ambiental (CR) — emitido automaticamente pelo próprio inscrito no sistema CTF/APP do IBAMA, comprova conformidade com as obrigações dos Cadastros Técnicos Federais. Validade de 3 meses. Exigido em licitações, licenciamentos estaduais, financiamentos de bancos públicos e contratos de transporte de produtos perigosos. Condição prévia para emissão da AATIPP e do CNORP.;IBAMA;Federal;https://www.gov.br/ibama/pt-br;CTF/APP (inscrição ativa, atividades declaradas, porte econômico),RAPP entregue dentro do prazo,ausência de pendências junto ao IBAMA,dados de licenças ambientais vinculadas;AATIPP (pré-requisito),CNORP (pré-requisito para operadores de resíduos perigosos),processos de licitação federal e estadual,licenciamentos ambientais estaduais,financiamentos BNDES/CEF,contratos de transporte de produtos perigosos,TMS,ERP;Certificação ambiental que deveria ser validada automaticamente no CTF e no MTR para liberação de operações de resíduos.;
5. Frete e Logística;CNORP;Cadastro Nacional de Operadores de Resíduos Perigosos;Cadastro Nacional de Operadores de Resíduos Perigosos (CNORP) — instrumento da PNRS (Lei 12.305/2010), regulamentado pela IN IBAMA nº 01/2013. Obrigatório para pessoas jurídicas que geram ou operam com resíduos perigosos em qualquer fase (segregação, acondicionamento, transporte, armazenagem, tratamento, destinação). Integrado ao CTF/APP, CTF/AIDA e SINIR. Os dados são extraídos pelo IBAMA dos próprios instrumentos de controle (RAPP, CTF).;IBAMA;Federal;https://www.gov.br/ibama/pt-br;CTF/APP (pré-requisito: inscrição ativa do operador),CRA (Certificado de Regularidade válido),RAPP (dados declaratórios anuais sobre resíduos gerados, transportados, armazenados e destinados),declarações das empresas operadoras;MTR/SINIR (integração obrigatória),CTF/APP (retroalimentação),IBAMA (fiscalização e controle),órgãos ambientais estaduais,AATIPP (verificação de habilitação),TMS,WMS,ERP das transportadoras e destinadoras de resíduos;Base cadastral de operadores de resíduos que deveria estar integrada ao CTF e ao SINIR para rastreabilidade completa da cadeia de resíduos.;
5. Frete e Logística;FISPQ;Ficha de Informações de Segurança de Produto Químico;Documento técnico com informações sobre riscos à saúde, métodos de contenção de vazamentos e EPIs necessários para produtos químicos.;Fabricantes e importadores (norma ABNT NBR 14725);Privado (regulado por normas ABNT);Não aplicável (documento do produto);Fabricantes, importadores,dados técnicos do produto;CT-e (produtos perigosos),DGD,PAE,TMS,WMS,ERP,equipes de emergência;Informação técnica que deveria estar digitalmente vinculada ao CT-e de produtos perigosos para acesso rápido em emergências.;
5. Frete e Logística;PAE;Plano de Atendimento a Emergências;Plano obrigatório para transporte de produtos perigosos, detalhando ações em caso de acidentes, vazamentos ou emergências.;Empresas transportadoras (regulado pela ANTT);Privado (regulado federalmente);Não aplicável (documento da empresa);Empresas transportadoras,ANTT,FISPQ,DGD;CT-e,MDF-e,Alerta Brasil,Bombeiros,PRF,equipes de resgate;Plano de emergência que deveria estar acessível digitalmente às equipes de resgate (Bombeiros, PRF) via integração com CT-e/MDF-e.;
5. Frete e Logística;CTPP;Certificado para o Transporte de Produtos Perigosos;Certificado que atesta o projeto e a fabricação do equipamento de transporte a granel de produtos perigosos.;Organismos credenciados pelo INMETRO;Privado (regulado pelo INMETRO);https://www.gov.br/inmetro/pt-br;INMETRO,organismos credenciados,dados técnicos do equipamento;RENAVAM,CT-e,MDF-e,SPED,ANTT (fiscalização),Alerta Brasil;Certificação técnica de equipamentos que deveria estar integrada ao RENAVAM para validação automática de condições do veículo.;
5. Frete e Logística;CSV;Certificado de Segurança Veicular;Certificado exigido para veículos que sofreram alterações estruturais, comprovando segurança para transporte de produtos perigosos.;Organismos credenciados pelo INMETRO;Privado (regulado pelo INMETRO);https://www.gov.br/inmetro/pt-br;INMETRO,organismos credenciados,dados de alterações estruturais;RENAVAM,CT-e,MDF-e,SPED,ANTT (fiscalização),Alerta Brasil;Laudo técnico que deveria ser digitalizado e vinculado ao registro do veículo no RENAVAM para consulta em fiscalizações.;
5. Frete e Logística;Sealog;;Sistema de monitoramento de navios e agendamento de chegada de cargas ao Porto de Santos, integrado à PRF via acordo de compartilhamento de dados.;Autoridade Portuária de Santos (SPA);Federal + Privado;https://www.portodesantos.com.br/;Porto de Santos,navios,cargas,VTS/VTMIS,Alerta Brasil;Alerta Brasil,VTS/VTMIS,Portolog,PORT.NET,exportadores,TMS,WMS,ERP;"Sistema portuário que compartilha dados com a PRF (Alerta Brasil); modelo de integração público-privada que poderia ser replicado em outros portos brasileiros.";
1. Tráfego em Tempo Real;Google Maps;;Plataforma global de navegação com dados de tráfego em tempo real, rotas otimizadas e estimativas de tempo de percurso.;Google (Alphabet);Privado;https://maps.google.com;CET-SP,CTTU-Recife,Waze,DNIT (SNV),SPTrans (Olho Vivo),Alerta Brasil,InfraBR;Waze,Moovit,CittaMobi,SP Pass,TMS,ERP,aplicativos de logística;"Pode alimentar e consumir dados de tráfego de órgãos municipais e federais; potencial integrador de dados de congestionamento, obras e acidentes em escala nacional.";
1. Tráfego em Tempo Real;Waze;;"Aplicativo de navegação com dados de tráfego em tempo real; parcerias com CET-SP e CTTU-Recife.";Google LLC (Waze);Privado + Municipal;https://www.waze.com;CET-SP,CTTU-Recife,Google Maps;Google Maps,Moovit,CittaMobi,SP Pass,TMS,ERP;"Modelo de parceria público-privada para compartilhamento de dados de tráfego; pode ser replicado nacionalmente.";
1. Tráfego em Tempo Real;Câmeras CET-SP;;Sistema de câmeras de monitoramento de trânsito disponibilizadas em tempo real ao público.;CET-SP;Municipal;https://cetsp1.cetsp.com.br;Sem entrada de dados externos (captação própria);Waze,Google Maps,Alerta Brasil,SPTrans (Olho Vivo),InfraBR;"Fonte primária de dados de tráfego municipal; integração em rede nacional exigiria padronização de APIs entre CETs.";
1. Tráfego em Tempo Real;Câmeras CTTU-Recife;;Sistema de câmeras de monitoramento da Companhia de Trânsito e Transporte Urbano de Recife.;CTTU-Recife;Municipal;https://cttu.recife.pe.gov.br;Sem entrada de dados externos (captação própria);Waze,Google Maps,Alerta Brasil;Dados municipais de tráfego que, se padronizados, poderiam compor um painel nacional de condições viárias.;
1. Tráfego em Tempo Real;Monitoramento de Vídeo do Metrô;;Câmeras em tempo real nos trens e estações do Metrô de São Paulo.;Companhia do Metropolitano de SP (Metrô-SP) e concessionárias (ViaQuatro, ViaMobilidade);Estadual (concessão);https://www.metro.sp.gov.br;GPS dos trens,Bilhete Único,sensores de ocupação,Monitoramento de Vídeo do Metrô;Olho Vivo SPTrans,SP Pass,CCO/COR,sistemas de planejamento urbano,MaaS;Dados de ocupação e fluxo de passageiros que poderiam integrar um sistema nacional de mobilidade urbana multimodal.;
1. Tráfego em Tempo Real;Olho Vivo SPTrans;;Sistema de monitoramento e localização em tempo real da frota de ônibus de São Paulo.;SPTrans;Municipal;https://olhovivo.sptrans.com.br;GPS dos ônibus,Bilhete Único (dados de embarque);CittaMobi,Moovit,SP Pass,Google Maps,Waze,MaaS,plataformas de transporte público;Padrão GTFS e dados abertos da SPTrans podem servir como modelo para padronização nacional de dados de transporte público.;
1. Tráfego em Tempo Real;Sistema de Rastreamento Veicular ANTT;;Dispositivo de identificação eletrônica de veículos inscritos no RNTRC.;ANTT;Federal;https://www.antt.gov.br;RNTRC,RENAVAM,RENACH,Alerta Brasil;InfraBR,Alerta Brasil,TMS,ERP,sistemas de segurança privada;"Base federal de rastreamento de veículos de carga; dados poderiam ser compartilhados com estados e municípios.";
1. Tráfego em Tempo Real;InfraBR;;Aplicativo com geolocalização do motorista para fiscalização rodoviária federal.;DNIT (Departamento Nacional de Infraestrutura de Transportes, MT);Federal;https://www.gov.br/transportes/pt-br/assuntos/transito/infra-br;RNTRC,RENAVAM,Sistema de Rastreamento Veicular ANTT,MDF-e,Alerta Brasil;MDF-e (encerramento automático via geofencing),Alerta Brasil,SINESP,RENAEST;Sistema federal de geolocalização que poderia integrar dados de MDF-e, RNTRC e postos de pesagem.;
2. Transporte Público;Bilhete Único;;Cartão de pagamento integrado para ônibus, metrô, CPTM e trens privados em São Paulo.;SPTrans (Empresa São Paulo Transporte);Municipal;https://www.sptrans.com.br/bilhete-unico;Olho Vivo (dados de embarque),Metrô/CPTM (dados de validação),SP Pass;Olho Vivo,SP Pass,CittaMobi,Moovit,MaaS,sistemas de planejamento urbano;Modelo de integração tarifária multimodal que poderia ser replicado nacionalmente.;
2. Transporte Público;Olho Vivo SPTrans;;Sistema de monitoramento e localização em tempo real dos ônibus de São Paulo.;SPTrans;Municipal;https://olhovivo.sptrans.com.br;GPS dos ônibus,Bilhete Único;CittaMobi,Moovit,SP Pass,Google Maps,Waze,MaaS,plataformas de transporte público;"Dados abertos de GPS e velocidade dos ônibus; padrão adotado por outras cidades.";
2. Transporte Público;SP Pass;;Aplicativo de mobilidade urbana que integra ônibus, metrô, bike e táxi.;SPTrans e operadores privados credenciados;Municipal + Privado;https://www.sptrans.com.br/sppass;Bilhete Único,Olho Vivo,Metrô/CPTM,Bike Itaú,Uber/99;Bilhete Único,Olho Vivo,MaaS,plataformas de planejamento de viagem;"Conceito de MaaS aplicado localmente; demonstra viabilidade de integração multimodal em escala nacional.";
2. Transporte Público;CittaMobi;;Aplicativo que integra modais do transporte público em São Paulo.;Setor privado (CittaMobi);Privado;https://www.cittamobi.com.br;Olho Vivo (SPTrans),Google Maps,Waze;SP Pass,Moovit,MaaS,usuários finais;"Consumidor de dados abertos governamentais; exemplifica como o setor privado pode criar valor a partir de dados públicos.";
2. Transporte Público;Moovit;;Planejador global de transporte público com horários em tempo real.;Moovit (Intel);Privado;https://moovitapp.com;Olho Vivo (SPTrans),Google Maps,Waze,GTFS de municípios;SP Pass,CittaMobi,MaaS,usuários finais;"Plataforma global que consome dados locais; depende de padronização de feeds de dados municipais.";
2. Transporte Público;BRT;Bus Rapid Transit;Sistema de transporte rápido por ônibus com faixas exclusivas.;Prefeituras municipais;Municipal;Varia por cidade;GPS dos ônibus,sensores de contagem de passageiros,Bilhete Único local,GTFS;Google Maps,Moovit,CittaMobi,Olho Vivo,sistemas de planejamento urbano,MaaS;Infraestrutura de transporte coletivo que gera dados de demanda e velocidade.;
2. Transporte Público;Metrô CPTM e VLT SP;;Sistemas de transporte ferroviário urbano e suburbano.;Governo do Estado de SP e concessionárias (ViaQuatro, ViaMobilidade, ViaOeste);Estadual + Privado;https://www.metro.sp.gov.br;Bilhete Único (validação),Monitoramento de Vídeo (CCO/CCS);Bilhete Único,SP Pass,Olho Vivo,MaaS,sistemas de planejamento urbano;Dados de fluxo de passageiros que, se integrados, permitiriam análise de demanda em nível nacional.;
2. Transporte Público;Citybus 2.0;;Sistema de transporte público inteligente com monitoramento em tempo real.;Prefeitura de Goiânia;Municipal;https://www.goiania.go.gov.br;GPS dos ônibus,Bilhete Único local;Google Maps,Waze,Moovit,plataformas de transporte público;Exemplo de municipalidade com sistema próprio de TI para transporte.;
2. Transporte Público;UBus;;Serviço de compartilhamento de transporte coletivo sob demanda.;Prefeitura de SBC;Municipal;https://www.saobernardo.sp.gov.br;Solicitações de passageiros via app,Bilhete Único;SP Pass,MaaS,sistemas de planejamento urbano;Inovação em transporte sob demanda que poderia ser replicada e monitorada em rede nacional.;
2. Transporte Público;Navegue;;Serviço de transporte fluvial sob demanda via aplicativo.;Prefeitura do Recife (desenvolvimento: Porto Digital);Municipal;https://www.portodigital.org;Solicitações de passageiros via app;SP Pass,MaaS,sistemas de planejamento urbano;Modal alternativo de transporte que amplia a diversidade de dados em uma rede nacional de mobilidade.;
3. Infraestrutura Viária;SNV;Sistema Nacional de Viação;Cadastro oficial da malha rodoviária federal com mais de 50.000 km.;DNIT;Federal;https://www.gov.br/dnit/pt-br;DNIT (levantamentos próprios),DER estaduais,SICRO;Google Maps,Waze,SICRO,Sistema de Concessões Rodoviárias,Free Flow,TMS,ERP;Base cartográfica fundamental para qualquer sistema nacional de dados de transporte.;
3. Infraestrutura Viária;PNV;Plano Nacional de Viação;Plano de longo prazo para a malha viária do Brasil (Lei 5.917/1973).;DNIT;Federal;https://www.gov.br/dnit/pt-br;DNIT,Congresso Nacional (atualizações legislativas);SNV,SICRO,Sistema de Concessões Rodoviárias,DER estaduais;"Documento normativo que define a malha viária federal; deveria estar digitalmente vinculado a sistemas de gestão.";
3. Infraestrutura Viária;SICRO;Sistema de Custos Rodoviários;Sistema de custos médios gerenciais do DNIT para orçamento de obras rodoviárias federais.;DNIT (em parceria com FGV IBRE para atualização de índices);Federal;https://www.gov.br/dnit/pt-br;SNV,PNV,dados de mercado (FGV IBRE);DNIT,Sistema de Concessões Rodoviárias,ANTT,DER estaduais;Dados de custos de infraestrutura que poderiam ser cruzados com dados de fluxo de cargas.;
3. Infraestrutura Viária;Sistema de Concessões Rodoviárias;;Gestão de contratos de concessão de rodovias federais.;ANTT;Federal;https://www.antt.gov.br;SNV,PNV,SICRO,dados de tráfego (Free Flow,pedágios),RENAEST,Alerta Brasil,contratos de concessionárias;ANTT,DNIT,PPI,TMS,ERP,sistemas de planejamento logístico,mercado financeiro;Dados de contratos, tarifas e investimentos que deveriam ser abertos para transparência.;
3. Infraestrutura Viária;Vale-Pedágio Obrigatório;;"Mecanismo de antecipação do pedágio pelo contratante do frete; desde 2025 eletrônico via TAG, permitindo conciliação automática entre embarcador e transportadora.";ANTT;Federal;https://www.antt.gov.br;CT-e (dados da operação),RNTRC,RENAVAM,Sem Parar/ConectCar;CT-e,TMS,ERP,Sem Parar/ConectCar,ANTT (fiscalização);"Sistema de pagamento que gera dados de fluxo de cargas por trecho rodoviário; integração com CT-e permite conciliação automática.";
3. Infraestrutura Viária;Free Flow;;Tecnologia de cobrança de pedágio sem parada. Já implantada em BR-101/RJ-SP (Motiva), BR-381/MG (Nova 381), BR-262/MG (Way-262), BR-116/SP-RJ (RioSP), BR-364/RO (Nova 364) e BR-277/PR (EPR Iguaçu).;Concessionárias rodoviárias (regulação: ANTT,  contratos de infraestrutura: DNIT);Federal + Privado;Varia por concessionária;RENAVAM,RNTRC,TAGs (Sem Parar,ConectCar,Veloe,Zul+),sensores de passagem,CT-e,MDF-e;ANTT,DNIT,Alerta Brasil,InfraBR,TMS,ERP,Sistema de Concessões Rodoviárias;"Gera dados de passagem de veículos em tempo real; integração com RNTRC e RENAVAM permitiria fiscalização automatizada.";
3. Infraestrutura Viária;Sistemas de Pagamento Eletrônico de Pedágio;;Sistemas de pagamento eletrônico de pedágio via TAG. Operadoras como Sem Parar, ConectCar, Veloe e Zul+ já operam em mais de 2.350 estacionamentos além de pedágios, gerando dados de mobilidade urbana valiosos.;Empresas privadas;Privado;https://www.semparar.com.br;VPO,Free Flow,RENAVAM,RNTRC;Free Flow,TMS,ERP,ANTT (dados de passagem);"Operadores privados que detêm dados de passagem; interoperabilidade entre sistemas é pré-requisito para rede nacional unificada.";
3. Infraestrutura Viária;Sistema de Fiscalização Eletrônica;;Radares e lombadas eletrônicas em rodovias federais, estaduais e municipais.;DNIT, DERs estaduais e CETs municipais (cada um em sua jurisdição);Federal + Estadual + Municipal;Varia por órgão;RENAVAM,RENACH,RENAINF,Alerta Brasil;RENAEST,RENAINF,SINESP,Alerta Brasil,DETRANs estaduais;"Dados de infração e velocidade dispersos entre esferas; padronização permitiria cruzamento com dados de acidentes.";
3. Infraestrutura Viária;Postos de Pesagem DNIT;;Postos federais de pesagem de veículos de carga.;DNIT;Federal;https://www.gov.br/dnit/pt-br;SPED (CT-e, MDF-e, NF-e),RENAVAM,RNTRC,Alerta Brasil;SPED,ANTT,DNIT,Alerta Brasil,SINESP;"Pontos de coleta de dados de peso e dimensão; integração com SPED permitiria validação automática de CT-e e MDF-e.";
3. Infraestrutura Viária;DER estaduais;Departamento de Estradas de Rodagem;Departamentos estaduais de estradas de rodagem.;DER de cada estado;Estadual;Varia por estado;SNV estadual,dados de tráfego municipal,RENAEST estadual,Sistema de Multas Estaduais,Alerta Brasil;DNIT,ANTT,SINESP,Alerta Brasil,sistemas de planejamento estadual,CCO/COR;Gestores da malha estadual que deveriam integrar dados de condição das rodovias a um sistema nacional.;
4. Mobilidade Urbana;Bike Itaú;;Sistema de bicicletas compartilhadas em Porto Alegre, Recife, Rio, Salvador e São Paulo.;Tembici (patrocínio: Itaú,  concessão: Prefeituras);Privado + Municipal;https://bikeitau.com.br;SP Pass,aplicativos de mobilidade,GPS das bicicletas;SP Pass,MaaS,Google Maps,Waze,sistemas de planejamento urbano;Dados de uso de micromobilidade que, se padronizados, permitiriam análise de padrões de deslocamento urbano.;
4. Mobilidade Urbana;Patinetes Elétricos Compartilhados;;Sistemas de micromobilidade (dockless) em cidades brasileiras.;Operadoras privadas (Yellow, Grin, Grow etc.) e Prefeituras;Privado + Municipal;Varia por operador;SP Pass,aplicativos de mobilidade,GPS dos patinetes;SP Pass,MaaS,Google Maps,Waze,sistemas de planejamento urbano;Novos modais que geram dados de deslocamento de curta distância.;
4. Mobilidade Urbana;Aplicativos de Transporte Individual por Aplicativo;;Plataformas de transporte individual remunerado por aplicativo.;Operadoras privadas (Uber, 99, InDrive etc.) reguladas por Prefeituras;Privado + Municipal;https://www.uber.com/br;SP Pass,Google Maps,Waze,RENACH,RENAVAM;SP Pass,MaaS,Google Maps,Waze,SINESP,RENAEST;"Grandes geradoras de dados de deslocamento urbano; ausência de obrigação de compartilhamento limita planejamento.";
4. Mobilidade Urbana;Carros Compartilhados;;Serviços de compartilhamento de veículos (Turbi, vec Itaú).;Empresas privadas;Privado;Varia por operador;RENAVAM,RENACH,CNH do Brasil,GPS dos veículos,dados de reserva/app;SP Pass,MaaS,Google Maps,Waze,sistemas de planejamento urbano,RENAEST;Modal emergente que reduz frota individual; dados de uso poderiam informar políticas de redução de congestionamento.
4. Mobilidade Urbana;Carona Solidária;;Plataformas de compartilhamento de viagens e custos.;Empresas privadas;Privado;https://www.blablacar.com.br;RENACH,CNH do Brasil,GPS,dados de rotas,Google Maps,Waze;Google Maps,Waze,sistemas de planejamento de corredores,MaaS,RENAEST;Redução de viagens individuais; dados de rotas poderiam ser usados para planejamento de corredores de transporte coletivo.
4. Mobilidade Urbana;MaaS;Mobility as a Service;Conceito de integração de múltiplos modais em uma única plataforma digital.;Iniciativas privadas e públicas;Privado + Público;https://maas-alliance.eu;Olho Vivo,Bilhete Único,Metrô/CPTM,Bike Itaú,SP Pass,aplicativos de TIA,Google Maps,Waze;Usuários finais,governos municipais/estaduais,sistemas de planejamento urbano,ANTP/SIMU;Visão de futuro para uma rede nacional de mobilidade integrada; depende de padronização de APIs e dados abertos.
4. Mobilidade Urbana;Aplicativos locais;;Plataformas regionais de transporte por aplicativo em cidades menores.;Empresas privadas regionais;Privado;Varia por operador;RENACH,RENAVAM,GPS,Google Maps,Waze,dados municipais de mobilidade;MaaS,SP Pass,sistemas municipais de mobilidade,RENAEST;Expansão da mobilidade por aplicativo para cidades médias.;
4. Mobilidade Urbana;Lei 13.640/2018;;Lei federal que regulamenta o transporte individual remunerado.;Congresso Nacional;Federal;http://www.planalto.gov.br;Congresso Nacional,dados de regulamentação municipal,ANTT,aplicativos de TIA;Prefeituras,ANTT,aplicativos de TIA,sistemas de fiscalização,RENAEST;Marco legal que poderia incluir obrigações de compartilhamento de dados para integração em rede nacional.;
4. Mobilidade Urbana;Decreto Municipal 56.981/2016 SP;;Regulamentação municipal de transporte por aplicativo em São Paulo.;Prefeitura de São Paulo;Municipal;https://www.prefeitura.sp.gov.br;Prefeitura de SP,dados de frota de TIA,CET-SP,SPTrans,RENAEST;Aplicativos de TIA,SPTrans,CET-SP,sistemas de planejamento urbano;Regulamentação local que impõe outorga de uso do viário; modelo que poderia ser padronizado nacionalmente.
4. Mobilidade Urbana;Infraestrutura Cicloviária;;Infraestrutura cicloviária urbana.;Prefeituras municipais;Municipal;Varia por cidade;Sensores de contagem,GPS de bicicletas (Bike Itaú),apps de mobilidade,Google Maps;Prefeituras,sistemas de planejamento urbano,MaaS,SP Pass,RENAEST;Infraestrutura que gera dados de uso quando monitorada.;
4. Mobilidade Urbana;Estacionamento Rotativo Pago;;Sistemas de estacionamento rotativo pago em áreas urbanas centrais.;Prefeituras municipais (operação: CETs e concessionárias);Municipal;Varia por cidade;CETs municipais,apps de pagamento (Zul+),sensores de ocupação,Google Maps,Waze;Prefeituras,Google Maps,Waze,sistemas de planejamento urbano,MaaS,RENAEST;Dados de ocupação de vagas que indicam demanda por transporte em áreas centrais.;
5. Frete e Logística;CT-e;Conhecimento de Transporte Eletrônico;Conhecimento de Transporte Eletrônico. O SPED possui APIs com diferentes níveis de maturidade (0 a 3) e a instabilidade em picos de processamento gera custos estimados em R$ 6 bi/ano para o setor.;RFB e ENCAT (Encontro Nacional de Coordenadores e Administradores Tributários Estaduais);Federal;https://www.nfe.fazenda.gov.br/portal/principal.aspx;NF-e,RNTRC,CIOT,RENAVAM,RENACH,dados do embarcador/contratante;MDF-e,SPED/RFB,Vale-Pedágio Obrigatório,RNTRC,TMS,ERP,ANTT,seguradoras;"Pilar central da rede nacional de dados de cargas; integração com RNTRC, CIOT, RENAVAM e MDF-e é pré-requisito para rastreabilidade total.";
5. Frete e Logística;MDF-e;Manifesto Eletrônico de Documentos Fiscais;Manifesto Eletrônico de Documentos Fiscais.;RFB e ENCAT (Encontro Nacional de Coordenadores e Administradores Tributários Estaduais);Federal;https://www.nfe.fazenda.gov.br/portal/principal.aspx;CT-e,NF-e,RNTRC,RENAVAM,CIOT,dados do embarcador/transportador;SPED/RFB,Alerta Brasil,TMS,WMS,ERP,ANTT (fiscalização),sistemas de rastreamento;"Documento de consolidação que permite rastreamento da carga em trânsito; integração com geofencing permitiria encerramento automático.";
5. Frete e Logística;NF-e;Nota Fiscal Eletrônica;Nota Fiscal Eletrônica.;RFB e SEFAZ estaduais (coordenação: ENCAT);Federal + Estadual;https://www.nfe.fazenda.gov.br/portal/principal.aspx;ERP,WMS,dados do embarcador (peso,valor,produto),Siscomex (exportação);CT-e,CT-e OS,MDF-e,SPED,TMS,ERP,CT-e Aquaviário;Origem dos dados da carga (peso, valor, destino); reconciliação automática com CT-e eliminaria retenções fiscais por divergência.
5. Frete e Logística;CT-e OS;Conhecimento de Transporte Eletrônico para Outros Serviços;Variação do CT-e para serviços não-remunerados.;RFB e ENCAT (Encontro Nacional de Coordenadores e Administradores Tributários Estaduais);Federal;https://www.nfe.fazenda.gov.br/portal/principal.aspx;NF-e,ERP,TMS,dados do contratante,CT-e;SPED,TMS,ERP,RFB,CT-e;Schema que precisa de revisão para incluir realidade do last-mile digital; ausência de adaptação gera insegurança jurídica.
5. Frete e Logística;CT-e Aquaviário;Conhecimento de Transporte Eletrônico Aquaviário;Conhecimento eletrônico para cabotagem.;RFB e ENCAT (normatização) e ANTAQ (regulação do modal aquaviário);Federal;https://www.nfe.fazenda.gov.br/portal/principal.aspx;NF-e,BL,CE,Sistema Mercante,AFRMM,RNTRC,RENAVAM;MDF-e,SPED,Sistema Mercante,AFRMM,Portolog,PORT.NET,VTS/VTMIS,TMS,WMS,ERP;Documento fiscal que deveria estar integrado ao Sistema Mercante para cálculo automático do AFRMM.;
5. Frete e Logística;CTMC;Conhecimento de Transporte Multimodal de Cargas;Conhecimento de Transporte Multimodal de Cargas.;ANTT (regulação) e  OTM (Operadores de Transporte Multimodal, emissores);Federal;https://www.antt.gov.br;CT-e,MDF-e,NF-e,RNTRC,RENAVAM;CT-e,MDF-e,TMS,WMS,ERP,ANTT (fiscalização);"Documento que deveria substituir CT-es modais mas coexiste com eles; revisão da Lei 9.611/1998 é necessária.";
5. Frete e Logística;RNTRC;Registro Nacional de Transportadores Rodoviários de Cargas;Registro Nacional de Transportadores Rodoviários de Cargas. A partir de 01/07/2026, a ANTT iniciará validação automática dos seguros obrigatórios (RCTR-C, RC-DC) via integração com seguradoras, com impacto direto na manutenção do registro.;ANTT;Federal;https://www.antt.gov.br;RENAVAM,RENACH,dados da empresa (CNPJ),seguros (RCTR-C,RC-DC),ANTT,CT-e;CT-e,MDF-e,CIOT,TMS,ERP,Alerta Brasil,InfraBR,SINESP;"Base cadastral central que deveria ser consultada em tempo real no CT-e; API existe (maturidade 2) mas sem integração com validador SPED.";
5. Frete e Logística;CIOT;Código Identificador da Operação de Transporte;Código Identificador da Operação de Transporte. Conforme Resolução ANTT nº 6.078/2026, a obrigatoriedade do CIOT foi ampliada para cargas fracionadas, estabelecendo novas classificações (lotação, fracionada, contratada).;ANTT;Federal;https://www.antt.gov.br;CT-e,RNTRC,RENAVAM,dados da operação de transporte,TAC-VALEC;ANTT,TAC-VALEC,TMS,ERP,SPED,Alerta Brasil;Sistema separado do SPED que deveria estar integrado ao CT-e como pré-condição de transmissão.;
5. Frete e Logística;TAC-VALEC;;Plataforma oficial da ANTT para emissão de CIOTs.;ANTT;Federal;https://www.antt.gov.br;RNTRC,RENAVAM,CT-e;CIOT,ANTT (fiscalização),TMS,WMS,ERP;"Sistema operacional do CIOT; deveria ter API de maturidade 3+ para integração com TMS e SPED.";
5. Frete e Logística;RENAVAM;Registro Nacional de Veículos Automotores;Registro Nacional de Veículos Automotores.;SENATRAN (Secretaria Nacional de Trânsito, MT);Federal;https://portalservicos.senatran.serpro.gov.br;DETRANs estaduais,fabricantes de veículos,SENATRAN,CRLV-e;CT-e,MDF-e,Alerta Brasil,SINESP,RENAEST,RNTRC,InfraBR,CRLV-e;"Base fundamental para validação de dados do veículo no CT-e; API inexistente (maturidade 0) impede verificação em tempo real.";
5. Frete e Logística;CTF;Cadastro Técnico Federal;Cadastro Técnico Federal (CTF/APP e CTF/AIDA) — registro obrigatório junto ao IBAMA para pessoas físicas e jurídicas que exercem atividades potencialmente poluidoras ou utilizadoras de recursos ambientais (Lei 6.938/1981). Gera o Certificado de Regularidade (CR) com validade de 3 meses, exigido em licitações públicas, licenciamentos estaduais e financiamentos de bancos públicos. Integrado ao SINIMA, DOF, CTNBio e sistemas de licenciamento ambiental.;IBAMA;Federal;https://www.gov.br/ibama/pt-br;Declaração das empresas (CNPJ, atividades, porte econômico),RAPP (Relatório Anual de Atividades Potencialmente Poluidoras),Relatório de Agrotóxicos,DOF,CTNBio,dados de auditagem fiscal (IBAMA);Certificado de Regularidade (CR),CNORP,MTR/SINIR,ATTIPP (condição para emissão),SINIMA,órgãos de licenciamento estadual,bancos públicos,licitações federais,TMS,WMS,ERP;"Base de dados ambiental sem API pública; verificação manual impede automação e gera risco de destinação irregular.";
5. Frete e Logística;MTR;Manifesto de Transporte de Resíduos;Manifesto de Transporte de Resíduos (MTR) – documento autodeclaratório emitido pelo SINIR (Sistema Nacional de Informações sobre Gestão de Resíduos Sólidos), obrigatório para todos os geradores sujeitos a Plano de Gerenciamento de Resíduos Sólidos (PGRS). Registra toda a cadeia: geração, coleta, transporte, armazenamento temporário e destinação final. Alguns estados (SP, RJ, SC, MG, RS, GO, ES) possuem sistemas próprios integrados ao SINIR nacional.;MMA (Ministério do Meio Ambiente e Mudança do Clima);Federal;https://sinir.gov.br / https://mtr.sinir.gov.br;CTF/IBAMA (cadastro do transportador),CNORP (operadores de resíduos perigosos),dados declaratórios do gerador, transportador e destinador;sistemas estaduais de MTR (SIGOR-SP, MTR-MG, MTR-RJ, MTR-RS, etc.);SINIR (inventário nacional de resíduos),CTF/IBAMA (atualização RAPP),órgãos ambientais estaduais,CNORP,TMS,WMS,ERP das transportadoras;"Sistema federal com adoção parcial estadual; sem integração com SPED/RFB, impossibilitando rastreabilidade fiscal de resíduos."
5. Frete e Logística;MOPP;Movimentação e Operação de Produtos Perigosos;Certificado para motoristas de produtos perigosos.;SENAT e ANTT (SENAT: formação,  ANTT: regulação e validação);Federal;https://digital.sestsenat.org.br;SEST/SENAT,RENACH,dados do motorista,ANTT,certificações de produtos perigosos;RENACH,CT-e,ANTT,TMS,ERP,Alerta Brasil,InfraBR;Certificação profissional que deveria estar vinculada ao RENACH para validação automática de habilitação.;
5. Frete e Logística;CIPP e CIV;Certificado de Inspeção para Produtos Perigosos / Certificado de Inspeção Veicular;Certificados de inspeção para produtos perigosos a granel.;Órgãos de inspeção;Privado;https://www.gov.br/inmetro/pt-br;INMETRO,organismos credenciados,dados técnicos do equipamento/veículo,RENAVAM;RENAVAM,CT-e,MDF-e,SPED,ANTT,Alerta Brasil;Laudos técnicos que deveriam ser digitalizados e integrados ao RENAVAM para validação automática de condições do veículo.;
5. Frete e Logística;AATIPP;Autorização Ambiental para Transporte Interestadual de Produtos Perigosos;"Autorização emitida pelo IBAMA, obrigatória desde 2012 (IN IBAMA nº 05/2012), para empresas que realizam transporte interestadual ou marítimo de produtos perigosos (rodoviário, ferroviário, fluvial e marítimo). Vinculada ao CTF/APP e ao CR. Validade de 3 meses; contém modal, frota, classes de risco ANTT, estados de atuação e empresa de atendimento a emergências. Disponível em formato digital desde 2018.";IBAMA;Federal;https://www.gov.br/ibama/pt-br;CTF/APP (inscrição e regularidade do transportador),CRA/CR (Certificado de Regularidade),CNORP (se transportador de resíduos perigosos),dados da frota (RENAVAM),dados da empresa de atendimento a emergências (PAE);CT-e (documento deve acompanhar operação),ANTT (fiscalização de produtos perigosos),PRF (fiscalização em rodovias),órgãos ambientais estaduais,TMS,ERP das transportadoras; dados abertos publicados pelo IBAMA (HTML, CSV, XML, JSON) desde 2012;Autorização federal que deveria estar integrada ao CT-e para bloqueio automático de operações não autorizadas.
5. Frete e Logística;DUE;Declaração Única de Exportação;Declaração Única de Exportação.;RFB;Federal;https://www.gov.br/receitafederal/pt-br;Siscomex,NF-e,dados do exportador,RFB;Portolog,PORT.NET,SAV,SGAD,CT-e Aquaviário,TMS,ERP;Documento de exportação que deveria ser lido automaticamente nos sistemas portuários no Gate-In.;
5. Frete e Logística;BL;Bill of Lading;Conhecimento de embarque marítimo internacional.;Armadores;Privado;Não aplicável;DUE,CE,CT-e Aquaviário,AFRMM,Sistema Mercante;CT-e Aquaviário,CE,AFRMM,Sistema Mercante,Portolog,PORT.NET,TMS,WMS,ERP;Documento de direito privado internacional com definições incompatíveis com CE e CT-e aquaviário.;
5. Frete e Logística;CE;Conhecimento de Embarque;Conhecimento de Embarque ANTAQ/SPED.;ANTAQ (emissão) e  RFB (validação fiscal);Federal;https://www.antt.gov.br;BL,CT-e Aquaviário,NF-e,dados da carga,ANTAQ;Sistema Mercante,AFRMM,Portolog,PORT.NET,SPED,TMS,ERP;Documento fiscal que deveria ter campo de vinculação obrigatória com BL e CT-e aquaviário.;
5. Frete e Logística;AFRMM;Adicional ao Frete para Renovação da Marinha Mercante;Adicional ao Frete para Renovação da Marinha Mercante.;ANTAQ;Federal;https://www.antt.gov.br;BL,CE,CT-e Aquaviário,dados de frete da armadora,ANTAQ;ANTAQ,SPED,Sistema Mercante,CT-e Aquaviário,TMS,ERP;Taxa calculada com base em frete declarado pela armadora; integração com CT-e aquaviário eliminaria divergências retroativas.
5. Frete e Logística;Portolog;;Sistema de agendamento de caminhões nos portos.;MPor (Ministério de Portos e Aeroportos) e  operação técnica: Serpro;Federal;https://www.portodesantos.com.br;DUE,Siscomex,CT-e,MDF-e,NF-e,VTS/VTMIS,Sealog,SAV,SGAD;PORT.NET,SAV,SGAD,VTS/VTMIS,Alerta Brasil,TMS,WMS,ERP;Sistema federal portuário que deveria consumir API Siscomex de DUE automaticamente.;
5. Frete e Logística;PORT.NET;;Sistema portuário privado para gestão de operações.;Operadores portuários;Privado;Não aplicável;Portolog,DUE,CT-e,MDF-e,NF-e,VTS/VTMIS;Portolog,SAV,SGAD,VTS/VTMIS,TMS,WMS,ERP;"Sistema privado que opera em paralelo ao Portolog; interoperabilidade entre sistemas é necessária.";
5. Frete e Logística;SAV;Sistema de Agendamento de Veículos;Sistema de Agendamento de Veículos de terminais privados.;Terminais privados;Privado;Não aplicável;Portolog,PORT.NET,CT-e,MDF-e,NF-e,dados do terminal privado;Portolog,SGAD,TMS,ERP,administração portuária;Sistemas proprietários de terminais que deveriam integrar dados de agendamento ao Portolog.;
5. Frete e Logística;SGAD;Sistema de Gerenciamento de Acesso às Docas;Sistema de Gerenciamento de Acesso às Docas.;Administrações portuárias;Federal + Privado;Não aplicável;SAV,Portolog,CT-e,MDF-e,dados de agendamento,RFB (aduaneiro);Portolog,TMS,ERP,administração portuária,SARA;Controle de acesso físico que deveria estar integrado ao agendamento digital e ao CT-e.;
5. Frete e Logística;VTS e VTMIS;Vessel Traffic Service / Vessel Traffic Management Information System;Sistema de Tráfego de Embarcações nos portos.;Marinha do Brasil – DHN (VTS: regulação e autorização) e  MT e administrações portuárias (VTMIS: implantação);Federal;https://www.marinha.mil.br;Sealog,dados de navios,radares portuários,Marinha do Brasil/DHN;Portolog,PORT.NET,Sealog,exportadores,TMS,VTMIS;Dados de movimentação de navios que deveriam ser compartilhados com exportadores para evitar demurrage.;
5. Frete e Logística;Porto sem Papel;;Iniciativa de digitalização da documentação portuária.;MPor (Ministério de Portos e Aeroportos) e  execução técnica: Serpro;Federal;https://www.gov.br/mportos/pt-br;Portolog,PORT.NET,Siscomex,SPED,DUE,CT-e,MDF-e,NF-e;Portolog,PORT.NET,Siscomex,SPED,TMS,WMS,ERP;Iniciativa de integração de documentos portuários que deveria ser expandida para toda a cadeia logística.;
5. Frete e Logística;GT;Guia de Tráfego;Documento para produtos controlados (SIGMA/Exército).;Exército Brasileiro;Federal;https://www.gov.br/defesa/pt-br;SIGMA/Exército,Polícia Federal (licença),CT-e,MDF-e;CT-e,MDF-e,SPED,Alerta Brasil,InfraBR,TMS,WMS,ERP;"Sistema do Exército sem API pública (maturidade 0); emissão restrita a dias úteis 8h-17h é incompatível com logística moderna.";
5. Frete e Logística;e-GTA;Guia de Trânsito Animal Eletrônica;Guia de Trânsito Animal Eletrônico (SIGEN/MAPA).;MAPA;Federal;https://www.gov.br/agricultura/pt-br;SIGEN/MAPA,dados do produtor,CT-e,MDF-e,dados de origem/destino;CT-e,MDF-e,SPED,InfraBR,fiscalização estadual,e-CAC;"Sistema SIGEN/MAPA com API interna (maturidade 1); adoção estadual parcial impede rastreabilidade nacional de carga viva.";
5. Frete e Logística;DGD;Declaração de Carga Perigosa;Declaração de Carga Perigosa rodoviária.;ANTT;Federal;https://www.antt.gov.br;ANTT,FISPQ,dados da carga perigosa,CT-e,MDF-e,PAE;Bombeiros,PRF,CT-e,MDF-e,PAE,Alerta Brasil,InfraBR;Documento sem registro central digital; criação de sistema integrado ao SPED permitiria prevenção de acidentes.
5. Frete e Logística;Ficha ABNT NBR 7.503;;Ficha de Emergência em papel (OBRIGATORIEDADE ELIMINADA).;ABNT (norma revogada em 2022) e  anteriormente fiscalizada pela ANTT;Federal;Não aplicável;ANTT (norma revogada);Não aplicável (obrigatoriedade eliminada);"Problema resolvido pela norma; exemplo de como atualização normativa pode eliminar gargalo.";
5. Frete e Logística;AET;Autorização Especial de Trânsito;Autorização Especial de Trânsito para carga indivisível.;ANTT + DERs;Federal + Estadual;https://www.antt.gov.br;RENAVAM,RNTRC,RENACH,dados do veículo/carga,SNV (rotas);ANTT,DERs estaduais,PRF,SINFRA estaduais,TMS,ERP;"Processo fragmentado entre esferas com prazos de 3 a 30 dias; padronização federal reduziria custo de atraso.";
5. Frete e Logística;SPED;Sistema Público de Escrituração Digital;Sistema Público de Escrituração Digital.;RFB e ENCAT (Encontro Nacional de Coordenadores e Administradores Tributários Estaduais);Federal;https://www.nfe.fazenda.gov.br;CT-e,MDF-e,NF-e,CT-e OS,CT-e Aquaviário,NF-e,dados fiscais,RFB;RFB,ENCAT,TMS,ERP,Siscomex,CT-e,MDF-e;Eixo central da rede nacional de dados fiscais; instabilidade em picos previsíveis gera R$6bi/ano em custos.
5. Frete e Logística;Siscomex;Sistema Integrado de Comércio Exterior;Sistema Integrado de Comércio Exterior.;RFB e MDIC (gestão conjunta,  módulo comercial: Secex);Federal;https://www.gov.br/receitafederal/pt-br;DI,LI,DUE,DTA,RADAR,SISCOSERV,SISBACEN,NF-e;DI,LI,DUE,DTA,RADAR,SPED,RFB (fiscalização),Portolog,PORT.NET,TMS,WMS,ERP;"Sistema crítico para comércio exterior; instabilidade em picos e falta de SLA público geram custos estimados em R$6bi/ano.";
5. Frete e Logística;DT-e;Documento de Transporte Eletrônico;Documento de Transporte Eletrônico (MT).;MT (Ministério dos Transportes) – SNTT (Secretaria Nacional de Transporte Terrestre);Federal;https://www.gov.br/transportes/pt-br;CT-e,MDF-e,NF-e,dados do MT/SNTT,RFB,ANTT;SPED,RFB,TMS,ERP,ANTT,InfraBR;Sistema paralelo ao SPED/CT-e sem integração definida; quando implantado, duplicará registro se não houver arquitetura de integração.
5. Frete e Logística;RADAR;Registro e Rastreamento da Atuação dos Importadores;Registro de importadores no Siscomex.;RFB;Federal;https://www.gov.br/receitafederal/pt-br;Siscomex,DI,LI,RFB (dados da empresa);Siscomex,DI,LI,SPED,RFB (fiscalização),TMS,WMS,ERP;"Processo manual de reparametrização (5-15 dias) bloqueia importações; automação eliminaria gargalo de R$500M/ano.";
5. Frete e Logística;DI;Declaração de Importação;Declaração de Importação.;RFB;Federal;https://www.gov.br/receitafederal/pt-br;Siscomex,LI,dados do importador,RFB,Radar;DTA,SARA,SPED,RFB,TMS,ERP,Portolog;Documento de entrada da carga no país; integração com DTA e sistema portuário permitiria rastreamento desde o desembaraço.
5. Frete e Logística;LI;Licença de Importação;Licença de Importação.;MDIC – Secex (emissão) e  RFB (validação fiscal);Federal;https://www.gov.br/receitafederal/pt-br;MDIC-Secex,Siscomex,dados do importador,RFB;DI,Siscomex,SPED,RFB,TMS,ERP;Pré-requisito para importação; bloqueio automático pelo RADAR impede operação de empresas em crescimento.
5. Frete e Logística;DTA;Declaração de Trânsito Aduaneiro;Declaração de Trânsito Aduaneiro.;RFB;Federal;https://www.gov.br/receitafederal/pt-br;DI,SARA,dados do recinto alfandegado,RFB;Siscomex,SPED,RFB,TMS,ERP,Portolog,SAV;Averbação manual em recintos alfandegados gera filas de 6-24h; digitalização completa reduziria custo de R$200M/ano.
5. Frete e Logística;PIN-e;Passe Internamento Eletrônico;Emissão do PIN para saída da Zona Franca de Manaus.;Suframa;Federal;https://www.suframa.gov.br;NF-e,SPED,RFB,empresas da ZFM;NF-e,SPED,CT-e,MDF-e,TMS,WMS,ERP;"Sistema com API de maturidade 1 e sem SLA; instabilidade represa toda produção da ZFM, gerando R$500M/ano em custos.";
5. Frete e Logística;SIGMA;Sistema de Gerenciamento de Material;Sistema do Exército para emissão da GT.;Exército Brasileiro;Federal;https://www.gov.br/defesa/pt-br;Exército Brasileiro (dados internos),Polícia Federal (licença),CT-e;GT,CT-e,MDF-e,SPED,Alerta Brasil,InfraBR;"Sistema interno sem API pública; emissão restrita a dias úteis 8h-17h com prazo mínimo de 24h é incompatível com logística moderna.";
5. Frete e Logística;SIGEN;Sistema de Gestão Eletrônica de (MAPA);Sistema do MAPA para emissão da e-GTA.;MAPA;Federal;https://www.gov.br/agricultura/pt-br;MAPA (dados internos),CT-e,MDF-e;e-GTA,CT-e,MDF-e,SPED,InfraBR;"API interna sem documentação pública; sem integração com DT-e/InfraBR, fiscalização não consegue verificar autenticidade.";
5. Frete e Logística;Sistema Mercante;;Cálculo do AFRMM.;ANTAQ (Agência Nacional de Transportes Aquaviários);Federal;https://www.antaq.gov.br/portal/portalRelatorios.asp;BL,CE,CT-e Aquaviário,AFRMM,dados de frete da armadora;AFRMM,CT-e Aquaviário,BL,CE,ANTAQ (fiscalização),TMS,WMS,ERP;"API SPED para CT-e aquaviário existe (maturidade 3) mas Sistema Mercante não a consome; integração eliminaria divergências.";
5. Frete e Logística;SISCOSERV;Sistema de Informações sobre Operações com Serviços;Sistema de Informações sobre Operações com Serviços, Intangíveis e Outras Operações que Produzam Variações no Patrimônio. DESCONTINUADO em 2021 pelo Decreto 10.818/2021. Era utilizado para declarar operações de aquisição e venda de serviços no exterior, incluindo fretes e seguros internacionais.;RFB e MDIC (sistema descontinuado em 2021);Federal;https://www.gov.br/receitafederal/pt-br;Siscomex,NF-e,dados de serviços no comércio exterior;Siscomex,SPED,RFB,MDIC,TMS,WMS,ERP;"Sistema descontinuado desde 2021; mencionado apenas como referência histórica. Os dados de serviços internacionais de transporte passaram a ser declarados via outros mecanismos da RFB e do BACEN.";
5. Frete e Logística;SISBACEN;Sistema de Informações do Banco Central;Registro de operações de câmbio do Banco Central.;BACEN;Federal;https://www.bcb.gov.br;Banco Central,dados de câmbio,Siscomex,DI,LI;Siscomex,SPED,RFB,Banco Central,TMS,WMS,ERP;"Dados de operações de câmbio vinculadas à importação/exportação; cruzamento com Siscomex permitiria validação automática de valores.";
5. Frete e Logística;e-CAC;Centro Virtual de Atendimento ao Contribuinte;Centro Virtual de Atendimento ao Contribuinte (RFB).;RFB;Federal;https://www.gov.br/receitafederal/pt-br;RFB (dados fiscais),SPED,Siscomex;RFB (regularização),SPED,Siscomex,contribuintes;Canal de regularização fiscal que poderia ser integrado a sistemas de transporte para alertas automáticos de irregularidades.;
5. Frete e Logística;Certificado Fitossanitário;;Documento para exportação agropecuária.;MAPA (emissão via Vigiagro);Federal;https://www.gov.br/agricultura/pt-br;MAPA/Vigiagro,dados de inspeção fitossanitária;NF-e,SPED,Portolog,PORT.NET,DUE,TMS,WMS,ERP;"Documento com validade de 15-30 dias; sem API de status integrada ao Gate-In, certificados vencem durante filas na safra.";
5. Frete e Logística;TMS;Transportation Management System;Transportation Management System.;Empresas privadas;Privado;Varia por fornecedor;CT-e,MDF-e,NF-e,RNTRC,CIOT,RENAVAM,RENACH,GPS,WMS,ERP;CT-e,MDF-e,SPED,Alerta Brasil,InfraBR,SINESP,TMS,ERP;Sistemas que consomem APIs governamentais; padronização de APIs federais é pré-requisito para eficiência.
5. Frete e Logística;WMS;Warehouse Management System;Warehouse Management System.;Empresas privadas;Privado;Varia por fornecedor;NF-e,ERP,dados de expedição,TMS;CT-e,TMS,ERP,SPED,WMS;Sistema que gera dados de expedição que alimentam NF-e; integração com TMS e SPED cria rastreabilidade.
5. Frete e Logística;ERP;Enterprise Resource Planning;Enterprise Resource Planning.;Empresas privadas;Privado;Varia por fornecedor;WMS,TMS,NF-e,dados da empresa,Siscomex,SPED;CT-e,MDF-e,SPED,TMS,WMS,Siscomex;Sistema central das empresas que precisa de integração nativa com SPED, Siscomex e sistemas da ANTT.;
5. Frete e Logística;EDI 300;Electronic Data Interchange 300;Padrão de intercâmbio eletrônico para CT-e.;Setor privado;Privado;Não aplicável;ERP,WMS,NF-e,dados de expedição;CT-e,TMS,ERP,WMS;"Padrão de comunicação entre ERP e sistemas de transporte; padronização nacional reduziria custo de integração.";
5. Frete e Logística;Contrato de Frete Eletrônico;;Geração digital de contratos de frete.;Administradoras de pagamento;Privado;Varia por administradora;TMS,ERP,RNTRC,CIOT,RENAVAM,Tabela TACO;CT-e,CIOT,TMS,ERP,Vale-Pedágio Obrigatório;"Ferramenta que formaliza a relação contratual; integração com CIOT e CT-e criaria cadeia de validação.";
5. Frete e Logística;Sistema de Manifesto de Carga Ferroviária;;Sistemas proprietários das concessionárias (VLI, Rumo, etc.).;Concessionárias ferroviárias;Privado;Varia por concessionária;CT-e,MDF-e,NF-e,RNTRC,RENAVAM,BL,CE,DUE;CT-e,MDF-e,NF-e,SPED,ANTT (fiscalização),TMS,WMS,ERP;"Sistemas incompatíveis entre si e com SPED; novos contratos do Marco Ferroviário poderiam incluir cláusulas de interoperabilidade.";
5. Frete e Logística;MIC-DTA MERCOSUL;Manifesto Internacional de Carga - Documento de Trânsito Aduaneiro;Manifesto e Documento de Trânsito Aduaneiro do MERCOSUL.;RFB (operação nacional) e Itamaraty – MRE (coordenação diplomática do acordo MERCOSUL);Federal;https://www.gov.br/receitafederal/pt-br;Siscomex,CT-e,MDF-e,NF-e,RFB,Itamaraty;Siscomex,CT-e,MDF-e,NF-e,SPED,RFB,TMS,WMS,ERP;"Documentos ainda em papel nas fronteiras terrestres; digitalização exigiria Protocolo Adicional ao Acordo de Transporte.";
5. Frete e Logística;AWB e e-AWB;Air Waybill / electronic Air Waybill;Conhecimento de embarque aéreo (IATA).;Companhias aéreas (padrão IATA);Privado;https://www.iata.org;NF-e,DUE,dados da carga aérea,SPED,RFB;SPED,TMS,ERP,companhias aéreas,CT-e (multimodal);Padrão internacional de documentação aérea; integração com SPED para carga aérea permitiria rastreamento multimodal.
5. Frete e Logística;RCTR-C RC-DC e RC-V;Responsabilidade Civil do Transportador Rodoviário de Cargas / Responsabilidade Civil do Depositário de Cargas / Responsabilidade Civil do Transportador de Veículos;Seguros obrigatórios de responsabilidade civil.;SUSEP (regulação) e  seguradoras credenciadas (emissão);Federal + Privado;https://www.susep.gov.br;RNTRC,RENAVAM,RENACH,SINESP,RENAEST,dados de rastreamento;RNTRC,RENAVAM,seguradoras,TMS,WMS,ERP;"Seguros vinculados ao RNTRC; integração de dados de sinistros com sistema de rastreamento permitiria precificação baseada em risco.";
5. Frete e Logística;Tabela TACO;Tabela de Valor de Frete;Piso mínimo de frete rodoviário.;ANTT;Federal;https://www.antt.gov.br;ANTT (dados de custos),DNIT (dados de pedágio),dados de combustível,inflação;CT-e,TMS,ERP,RNTRC,ANTT (fiscalização);"Tabela sem indexação dinâmica a combustível, pedágio e inflação; integração com API de dados de pedágio do DNIT reduziria distorções.";
1. Tráfego em Tempo Real;Cortex;;Plataforma de inteligência policial do MJSP que integra dados de diversas fontes (câmeras, banco de dados criminais, RENAVAM, SINESP) para análise preditiva de crimes, incluindo roubo de carga e infrações viárias. Usa IA para cruzamento de dados em tempo real.;MJSP (Ministério da Justiça e Segurança Pública) e  operação técnica: Serpro;Federal;https://www.gov.br/mj/pt-br/assuntos/sua-seguranca/seguranca-publica/cortex;RENAVAM,SINESP,Alerta Brasil,câmeras de monitoramento,BNMP,RENACH,dados de roubo de carga (ANTT);PRF,Polícia Federal,polícias estaduais,SINESP,ANTT (dados de rotas de risco);"Sistema de inteligência com alto potencial de interoperabilidade com a RNDT: recebe dados de placas e veículos em tempo real e poderia cruzar com CT-e/MDF-e para detecção de carga irregular ou roubada; seria beneficiado com acesso unificado a dados de transporte da RNDT.";
2. Transporte Público;GTFS e GTFS-RT;General Transit Feed Specification / General Transit Feed Specification Real-Time;"Padrão aberto internacional (General Transit Feed Specification) para publicação de dados de transporte público. O GTFS estático define rotas, paradas e horários; o GTFS-RT fornece atualizações em tempo real. Adotado por municípios brasileiros como São Paulo, Recife, Porto Alegre e Curitiba para integração com Google Maps, Moovit e outros apps.";Padrão aberto (MobilityData.org) e  adotado por municípios brasileiros;Municipal + Privado;https://gtfs.org;SPTrans,URBS Curitiba,EPTC Porto Alegre,CTTU Recife,outras operadoras municipais;Google Maps,Moovit,CittaMobi,aplicativos MaaS;"Padrão de dados abertos que a RNDT deveria adotar como formato de intercâmbio para dados de transporte público entre municípios e plataformas; permitiria interoperabilidade nacional sem necessidade de APIs proprietárias.";
3. Infraestrutura Viária;PPI;Programa de Parcerias de Investimentos;Plataforma federal que gerencia o pipeline de concessões e privatizações em infraestrutura de transportes (rodovias, ferrovias, portos e aeroportos). Centraliza contratos, metas de desempenho e monitoramento das concessões do Governo Federal.;SPPI (Secretaria Especial do PPI, Casa Civil da Presidência da República);Federal;https://www.gov.br/ppi/pt-br;ANTT,ANTAQ,ANAC,DNIT,concessionárias,dados de investimento e desempenho;ANTT,ANTAQ,ANAC,mercado financeiro,dados de contratos publicados em portal;"Fonte de dados sobre contratos e metas de infraestrutura; a RNDT poderia consumir esses dados para correlacionar condições de infraestrutura com desempenho logístico e de segurança viária.";
4. Mobilidade Urbana;SIMU;Sistema de Informações da Mobilidade Urbana;Base de dados da ANTP (Associação Nacional de Transportes Públicos) que coleta e publica anualmente indicadores de mobilidade urbana dos principais municípios brasileiros: frota, passageiros, custos, gratuidades e emissões.;ANTP (Associação Nacional de Transportes Públicos);Privado + Federal (dados públicos);http://www.sistemadeinformacoes.antp.org.br;Operadoras de transporte público municipais,prefeituras,IBGE;Relatório Anual de Mobilidade Urbana,MT,prefeituras,pesquisadores;"Única base consolidada de indicadores de mobilidade urbana no Brasil; a RNDT deveria integrar esses dados para permitir comparação interurbana e planejamento de políticas públicas de transporte.";
5. Frete e Logística;Manifesto de Carga Ferroviária (gap);;Sistema de manifesto eletrônico ferroviário utilizado pelas concessionárias ferroviárias brasileiras (Rumo, VLI, FCA, MRS) para registro de carga transportada por ferrovia. Ainda sem padronização nacional equivalente ao CT-e rodoviário.;Concessionárias ferroviárias (Rumo, VLI, FCA, MRS) e  regulação: ANTT;Privado + Federal;https://www.antt.gov.br/ferroviario;NF-e,dados de carga das embarcadoras,RNTRC ferroviário,dados de origem/destino;ANTT (fiscalização),TMS,WMS,ERP das concessionárias;"Gap crítico: o modal ferroviário carece de documento fiscal eletrônico padronizado equivalente ao CT-e; a RNDT poderia induzir a criação de um CT-e Ferroviário, integrando dados de 30 mil km de malha concedida ao ecossistema logístico nacional.";
5. Frete e Logística;SARA;Sistema de Armazenagem e Recinto Aduaneiro;Sistema utilizado em recintos alfandegados (portos secos, CLIAs, recintos portuários e aeroportuários) para controle de entrada, armazenagem e saída de mercadorias sob controle aduaneiro.;RFB (regulação aduaneira) e  operadores de recintos alfandegados (execução);Federal + Privado;https://www.gov.br/receitafederal/pt-br/assuntos/aduana-e-comercio-exterior/manuais/despacho-de-importacao/topicos-1/recinto-alfandegado;DI,DUE,BL,CE,AWB,NF-e,DTA,dados do importador/exportador;Siscomex,RFB,operadoras de terminais,TMS,WMS,ERP;"Ponto nodal da cadeia logística de comércio exterior; integração com a RNDT permitiria rastreabilidade de ponta a ponta entre origem/destino e o transporte rodoviário/ferroviário/aquaviário.";
1. Tráfego em Tempo Real;CCO e COR;Centro de Controle Operacional / Centro de Operações Rio;Centros de Controle Operacional presentes nos principais estados e municípios (ex: COR-Rio, CCO-SP, COP-DF) que integram câmeras, sensores, dados meteorológicos e sistemas de emergência para gestão do tráfego urbano e resposta a incidentes.;Prefeituras municipais e Governos estaduais (cada um na sua jurisdição);Municipal + Estadual;https://cor.rio (COR-Rio); https://www.cetsp.com.br (CCO-SP);Câmeras de monitoramento,sensores de velocidade,dados meteorológicos,SAMU,Corpo de Bombeiros,dados de GPS de frotas;Google Maps,Waze,apps locais,PRF,Defesa Civil,SAMU,mídia;"Infraestrutura crítica de dados de tráfego urbano em tempo real; a RNDT deveria estabelecer protocolo de compartilhamento com os CCOs para alimentar modelos nacionais de mobilidade e segurança viária."
5. Frete e Logística;TruckPad;;Marketplace digital que conecta embarcadores e motoristas autônomos em tempo real, com geolocalização, negociação de frete e rastreamento integrado.;TruckPad (iniciativa privada);Privado;;GPS dos motoristas,RNTRC,RENAVAM,dados de frete,aplicativo TruckPad;TMS,ERP,dados anonimizados de oferta/demanda,ANTT;Poderia fornecer dados anonimizados de oferta/demanda de fretes por região, auxiliando na previsão de fluxo de cargas e otimização logística nacional.;
5. Frete e Logística;Fretebras;;Plataforma com +4 milhões de downloads que oferece cotação, negociação e gestão de fretes para caminhões de todos os portes, integrando dados de rota, preço e disponibilidade.;Fretebras (iniciativa privada);Privado;;GPS,RNTRC,RENAVAM,dados de rota,preço,CT-e;TMS,ERP,CT-e,ANTT,dados de mercado de frete;Integração permitiria cruzamento de preços de frete com dados fiscais (CT-e) e de infraestrutura (pedágios, postos de pesagem).;
5. Frete e Logística;Frete.com;;Maior plataforma de frete rodoviário da América Latina, processando >US$ 18 bi/ano, com algoritmos de matching entre carga e veículo em tempo real.;Frete.com (iniciativa privada);Privado;;GPS,RNTRC,RENAVAM,dados de carga/veículo,CT-e,MDF-e;TMS,ERP,dados agregados de rotas/tarifas,ANTT,DNIT;Dados agregados de rotas e tarifas poderiam alimentar modelos preditivos da RNDT para planejamento de infraestrutura.;
5. Frete e Logística;CARGOBR;;Primeira plataforma digital de cotação de fretes do país com múltiplas transportadoras, permitindo comparação de preço e prazo em tempo real.;CARGOBR (iniciativa privada);Privado;;RNTRC,RENAVAM,dados de capacidade ociosa,CT-e;TMS,ERP,CT-e,dados de mercado de frete;Poderia integrar dados de capacidade ociosa da frota nacional com demandas de transporte.;
3. Infraestrutura Viária;Sem Parar;;"Maior operadora de TAG do Brasil, com cobertura nacional em pedágios, estacionamentos e postos; gera dados de passagem veicular em tempo real.";Sem Parar (iniciativa privada);Privado;;RENAVAM,RNTRC,RENACH,CT-e,MDF-e,VPO,Free Flow;Free Flow,TMS,ERP,ANTT,DNIT,Alerta Brasil,InfraBR;Dados anonimizados de fluxo por trecho rodoviário poderiam alimentar modelos de tráfego da RNDT e alertas de congestionamento.;
3. Infraestrutura Viária;ConectCar;;"Operadora de TAG com interoperabilidade nacional e integração com apps de mobilidade; oferece API para consulta de passagens.";ConectCar (iniciativa privada);Privado;;RENAVAM,RNTRC,RENACH,CT-e,MDF-e,VPO,Free Flow;Free Flow,TMS,ERP,ANTT,DNIT,Alerta Brasil,InfraBR;Integração via API permitiria validação automática de pagamento de pedágio no CT-e e MDF-e.;
3. Infraestrutura Viária;Veloe;;"TAG com cobertura em 100% das rodovias pedagiadas e +2.350 estacionamentos; possui programa de parcerias com bancos e apps.";Veloe (iniciativa privada);Privado;;RENAVAM,RNTRC,RENACH,CT-e,MDF-e,VPO,Free Flow;Free Flow,TMS,ERP,ANTT,DNIT,Alerta Brasil,InfraBR;Dados de uso em estacionamentos urbanos podem complementar análises de mobilidade urbana da RNDT.;
3. Infraestrutura Viária;Zul+;;Operadora de TAG com modelo de assinatura e integração com app de zona azul digital em São Paulo.;Zul+ (iniciativa privada);Privado;;RENAVAM,RNTRC,RENACH,CT-e,MDF-e,VPO,Free Flow;Free Flow,TMS,ERP,ANTT,DNIT,Alerta Brasil,InfraBR;Integração com sistemas municipais de estacionamento rotativo pode enriquecer dados de demanda urbana.;
5. Frete e Logística;SIGER (exemplo: SIGOR-SP);Sistema Integrado de Gestão de Resíduos;Sistemas estaduais de MTR (ex: SIGOR-SP, MTR-MG) que operam em paralelo ao SINIR nacional, com diferentes níveis de maturidade de API.;Órgãos ambientais estaduais;Estadual;;MTR/SINIR,CTF/IBAMA,CNORP,dados estaduais de resíduos,IBAMA;SINIR,IBAMA,TMS,ERP,órgãos ambientais estaduais;Padronização permitiria rastreabilidade nacional completa da cadeia de resíduos perigosos.;
5. Frete e Logística;PortCommunity (exemplo: PortNet-ES);;Plataformas como PortNet (ES), T-Port (RS) e Sisport (BA) que operam agendamento de caminhões em terminais, mas sem interoperabilidade nacional.;Administrações portuárias;Federal/Estadual;;Portolog,DUE,CT-e,MDF-e,NF-e,dados do terminal portuário;Portolog,SAV,SGAD,TMS,ERP,administrações portuárias;Integração com Portolog e CT-e permitiria visão unificada do fluxo porta-a-porta.;
5. Frete e Logística;APIs de Combustível (ANP);;Dados de preços de combustíveis por posto, atualizados diariamente pela ANP, essenciais para cálculo de custo operacional do frete.;ANP;Federal;;Postos de combustível,ANP,dados de preços,GPS dos postos;Tabela TACO,TMS,ERP,apps de logística,ANTT,DNIT;Poderia alimentar a Tabela TACO com indexação dinâmica e auxiliar motoristas no planejamento de rotas.;
